{
  "single_query": {
    "test": "single_query",
    "iterations": 10,
    "avg_time": 0.015510344505310058,
    "min_time": 0.01518392562866211,
    "max_time": 0.01834893226623535,
    "std_dev": 0.0009974238111169923,
    "success_rate": 100.0
  },
  "batch_queries": {
    "test": "batch_queries",
    "results": {
      "batch_1": {
        "size": 1,
        "total_time": 0.015224456787109375,
        "avg_per_query": 0.015224456787109375,
        "throughput": 65.6837885241794,
        "success_rate": 100.0
      },
      "batch_5": {
        "size": 5,
        "total_time": 0.01525425910949707,
        "avg_per_query": 0.0030508518218994142,
        "throughput": 327.7773088885763,
        "success_rate": 100.0
      },
      "batch_10": {
        "size": 10,
        "total_time": 0.01537942886352539,
        "avg_per_query": 0.0015379428863525391,
        "throughput": 650.2192044150931,
        "success_rate": 100.0
      },
      "batch_20": {
        "size": 20,
        "total_time": 0.015371084213256836,
        "avg_per_query": 0.0007685542106628418,
        "throughput": 1301.1443905011556,
        "success_rate": 100.0
      },
      "batch_50": {
        "size": 50,
        "total_time": 0.0156400203704834,
        "avg_per_query": 0.000312800407409668,
        "throughput": 3196.926782420464,
        "success_rate": 100.0
      }
    }
  },
  "consensus_calculation": {
    "test": "consensus_calculation",
    "results": {
      "responses_2": {
        "response_count": 2,
        "avg_time": 0.00211181640625,
        "min_time": 0.0020911693572998047,
        "max_time": 0.002136707305908203,
        "operations_per_second": 473.52601156069363
      },
      "responses_5": {
        "response_count": 5,
        "avg_time": 0.005092763900756836,
        "min_time": 0.005089521408081055,
        "max_time": 0.005094766616821289,
        "operations_per_second": 196.35703116953644
      },
      "responses_10": {
        "response_count": 10,
        "avg_time": 0.010098409652709962,
        "min_time": 0.010094165802001953,
        "max_time": 0.010108709335327148,
        "operations_per_second": 99.02549355696267
      },
      "responses_20": {
        "response_count": 20,
        "avg_time": 0.020106172561645506,
        "min_time": 0.02009725570678711,
        "max_time": 0.02011728286743164,
        "operations_per_second": 49.735970231728636
      },
      "responses_50": {
        "response_count": 50,
        "avg_time": 0.05011444091796875,
        "min_time": 0.05010247230529785,
        "max_time": 0.05011892318725586,
        "operations_per_second": 19.954328167341593
      }
    }
  },
  "memory_usage": {
    "test": "memory_usage",
    "results": {
      "size_100": {
        "data_size": 100,
        "processing_time": 0.109222412109375,
        "memory_before_mb": 48.375,
        "memory_after_mb": 48.375,
        "memory_delta_mb": 0.0,
        "memory_per_item_kb": 0.0
      },
      "size_500": {
        "data_size": 500,
        "processing_time": 0.5452890396118164,
        "memory_before_mb": 48.6171875,
        "memory_after_mb": 48.6171875,
        "memory_delta_mb": 0.0,
        "memory_per_item_kb": 0.0
      },
      "size_1000": {
        "data_size": 1000,
        "processing_time": 1.0915875434875488,
        "memory_before_mb": 48.875,
        "memory_after_mb": 48.875,
        "memory_delta_mb": 0.0,
        "memory_per_item_kb": 0.0
      },
      "size_5000": {
        "data_size": 5000,
        "processing_time": 5.4699883460998535,
        "memory_before_mb": 50.9375,
        "memory_after_mb": 51.453125,
        "memory_delta_mb": 0.515625,
        "memory_per_item_kb": 0.1056
      }
    }
  }
}